category,order_month,total_orders,total_revenue,avg_price
agro_industria_e_comercio,2017-01,3,107.76,21.990000
agro_industria_e_comercio,2017-02,7,331.10,32.120000
agro_industria_e_comercio,2017-03,2,110.69,40.995000
agro_industria_e_comercio,2017-05,4,1763.74,394.985000
agro_industria_e_comercio,2017-06,1,1422.05,1390.000000
agro_industria_e_comercio,2017-07,1,1199.47,1180.000000
agro_industria_e_comercio,2017-08,4,224.60,22.000000
agro_industria_e_comercio,2017-09,4,2119.69,498.497500
agro_industria_e_comercio,2017-10,5,3558.43,670.056000
agro_industria_e_comercio,2017-11,19,14610.32,733.288947
agro_industria_e_comercio,2017-12,11,5664.04,481.063636
agro_industria_e_comercio,2018-01,18,6296.51,325.191111
agro_industria_e_comercio,2018-02,26,8031.41,284.050000
agro_industria_e_comercio,2018-03,26,5639.49,198.500000
agro_industria_e_comercio,2018-04,12,4783.66,375.058333
agro_industria_e_comercio,2018-05,8,3433.22,409.968750
agro_industria_e_comercio,2018-06,10,3843.05,351.580000
agro_industria_e_comercio,2018-07,27,7520.33,247.030370
agro_industria_e_comercio,2018-08,18,5543.74,278.949444
alimentos,2016-10,1,96.23,79.900000
alimentos,2017-01,2,78.82,21.410000
alimentos,2017-02,8,875.25,84.591250
alimentos,2017-03,21,2830.01,114.888571
alimentos,2017-04,8,611.15,61.412500
alimentos,2017-05,3,452.25,129.300000
alimentos,2017-06,1,171.79,149.900000
alimentos,2017-07,7,754.19,83.451429
alimentos,2017-08,8,500.23,45.562500
alimentos,2017-09,17,1239.20,58.407059
alimentos,2017-10,17,1022.42,47.415294
alimentos,2017-11,14,662.05,35.577857
alimentos,2017-12,13,1117.24,72.256923
alimentos,2018-01,19,1080.12,43.661053
alimentos,2018-02,38,2269.53,46.934737
alimentos,2018-03,35,2068.59,44.568571
alimentos,2018-04,40,2219.99,41.635750
alimentos,2018-05,44,2079.48,35.066591
alimentos,2018-06,24,1693.59,57.132500
alimentos,2018-07,64,4401.42,52.783906
alimentos,2018-08,115,9571.13,71.079826
alimentos_bebidas,2017-03,4,132.93,21.450000
alimentos_bebidas,2017-04,3,80.78,15.966667
alimentos_bebidas,2017-05,12,497.69,28.790833
alimentos_bebidas,2017-06,2,82.78,28.700000
alimentos_bebidas,2017-07,8,261.68,21.025000
alimentos_bebidas,2017-08,15,728.95,32.987333
alimentos_bebidas,2017-09,9,444.78,34.540000
alimentos_bebidas,2017-10,17,2654.99,135.131176
alimentos_bebidas,2017-11,33,3031.35,74.108182
alimentos_bebidas,2017-12,21,1403.16,49.222857
alimentos_bebidas,2018-01,11,529.22,31.015455
alimentos_bebidas,2018-02,23,1331.43,44.273913
alimentos_bebidas,2018-03,19,2623.50,123.724737
alimentos_bebidas,2018-04,18,885.03,33.615000
alimentos_bebidas,2018-05,25,1674.74,49.577600
alimentos_bebidas,2018-06,11,512.81,26.713636
alimentos_bebidas,2018-07,17,1121.56,45.807647
alimentos_bebidas,2018-08,21,1340.39,48.981429
artes,2017-03,4,255.00,43.650000
artes,2017-04,1,147.17,119.900000
artes,2017-05,6,7302.75,1154.541667
artes,2017-06,4,285.35,50.075000
artes,2017-07,3,424.90,128.916667
artes,2017-08,4,317.06,61.175000
artes,2017-09,3,435.85,129.513333
artes,2017-10,3,400.45,116.350000
artes,2017-11,1,92.78,75.000000
artes,2017-12,3,163.39,38.416667
artes,2018-01,19,2864.21,133.724737
artes,2018-02,12,1509.23,101.392500
artes,2018-03,7,581.66,65.928571
artes,2018-04,26,2623.04,82.318462
artes,2018-05,34,3021.88,73.293235
artes,2018-06,28,3019.18,89.290714
artes,2018-07,21,2265.73,87.771429
artes,2018-08,18,1775.90,82.299444
artes_e_artesanato,2017-05,1,29.66,21.990000
artes_e_artesanato,2017-07,1,145.56,129.900000
artes_e_artesanato,2018-04,1,34.22,15.990000
artes_e_artesanato,2018-05,1,101.05,89.800000
artes_e_artesanato,2018-07,11,804.60,59.506364
artes_e_artesanato,2018-08,9,1069.05,100.195556
artigos_de_festas,2017-07,1,83.41,69.900000
artigos_de_festas,2017-09,2,303.20,134.900000
artigos_de_festas,2017-10,2,163.87,68.900000
artigos_de_festas,2017-11,3,906.57,283.566667
artigos_de_festas,2017-12,2,549.92,257.600000
artigos_de_festas,2018-01,2,170.26,67.900000
artigos_de_festas,2018-03,6,1070.29,152.316667
artigos_de_festas,2018-04,2,80.26,21.900000
artigos_de_festas,2018-05,4,170.44,25.175000
artigos_de_festas,2018-06,2,112.38,42.400000
artigos_de_festas,2018-07,2,84.36,28.750000
artigos_de_festas,2018-08,14,1590.42,91.806429
artigos_de_natal,2017-04,1,93.97,69.000000
artigos_de_natal,2017-06,3,246.25,61.566667
artigos_de_natal,2017-07,2,98.05,32.545000
artigos_de_natal,2017-08,1,76.88,58.900000
artigos_de_natal,2017-09,4,318.28,63.675000
artigos_de_natal,2017-10,12,531.24,32.337500
artigos_de_natal,2017-11,22,1740.96,59.663636
artigos_de_natal,2017-12,16,794.97,30.868750
artigos_de_natal,2018-01,10,1104.46,85.150000
artigos_de_natal,2018-02,24,2671.35,85.818750
artigos_de_natal,2018-03,12,1194.29,71.245833
artigos_de_natal,2018-04,12,518.58,22.929167
artigos_de_natal,2018-05,6,672.74,87.421667
artigos_de_natal,2018-06,7,476.71,43.741429
artigos_de_natal,2018-07,8,661.66,63.695000
artigos_de_natal,2018-08,10,728.36,52.937000
audio,2016-10,2,183.03,78.495000
audio,2017-02,5,247.85,32.760000
audio,2017-03,14,1367.40,81.055000
audio,2017-04,11,1103.95,85.654545
audio,2017-05,17,2333.19,122.422353
audio,2017-06,11,1818.24,151.909091
audio,2017-07,6,767.29,112.281667
audio,2017-08,7,1146.44,150.100000
audio,2017-09,10,1191.79,104.259000
audio,2017-10,31,2701.05,75.115484
audio,2017-11,36,4195.14,102.145278
audio,2017-12,17,2941.12,158.054706
audio,2018-01,26,4233.39,146.933846
audio,2018-02,15,3038.58,188.566000
audio,2018-03,34,11264.37,311.961471
audio,2018-04,31,7571.46,227.260323
audio,2018-05,21,3044.54,128.460952
audio,2018-06,20,2228.39,91.534500
audio,2018-07,22,2409.00,93.756364
audio,2018-08,26,2469.10,79.592308
automotivo,2016-10,8,1351.27,141.032500
automotivo,2017-01,31,5386.38,155.484839
automotivo,2017-02,83,14301.63,148.900964
automotivo,2017-03,78,15304.25,170.165769
automotivo,2017-04,84,17314.91,180.349048
automotivo,2017-05,113,20227.30,154.878319
automotivo,2017-06,110,31615.42,266.688273
automotivo,2017-07,114,16192.75,121.814474
automotivo,2017-08,161,22303.65,117.531739
automotivo,2017-09,107,16486.08,132.025888
automotivo,2017-10,148,24822.67,144.725608
automotivo,2017-11,260,40367.66,133.601885
automotivo,2017-12,263,44775.58,148.364867
automotivo,2018-01,267,41132.68,134.288464
automotivo,2018-02,315,47326.78,130.312730
automotivo,2018-03,336,51966.10,131.196310
automotivo,2018-04,348,55216.95,137.900603
automotivo,2018-05,308,48079.82,132.634545
automotivo,2018-06,295,51875.16,152.415559
automotivo,2018-07,341,50763.36,127.468592
automotivo,2018-08,370,52644.35,121.709676
bebes,2016-10,11,1517.55,124.651818
bebes,2017-01,40,6941.94,155.447000
bebes,2017-02,32,3442.56,88.674375
bebes,2017-03,42,4309.36,85.530476
bebes,2017-04,50,4790.67,78.611000
bebes,2017-05,102,10709.54,87.585490
bebes,2017-06,78,9258.05,100.830000
bebes,2017-07,125,17947.09,123.691280
bebes,2017-08,127,22192.58,150.866929
bebes,2017-09,170,26921.54,136.661471
bebes,2017-10,138,19625.73,119.547101
bebes,2017-11,197,24934.41,106.843604
bebes,2017-12,139,22398.55,141.427914
bebes,2018-01,219,34516.96,136.227763
bebes,2018-02,172,29347.87,150.333023
bebes,2018-03,215,45831.15,189.854651
bebes,2018-04,237,53839.74,199.161266
bebes,2018-05,239,38552.46,139.136611
bebes,2018-06,223,36800.02,136.996951
bebes,2018-07,214,26894.69,102.028598
bebes,2018-08,212,25955.19,100.314009
bebidas,2017-03,5,568.43,92.774000
bebidas,2017-05,1,112.95,90.000000
bebidas,2017-06,1,69.20,49.990000
bebidas,2017-07,3,348.08,91.323333
bebidas,2017-08,2,148.77,59.950000
bebidas,2017-09,6,314.43,40.830000
bebidas,2017-10,12,752.72,49.748333
bebidas,2017-11,18,912.91,37.451111
bebidas,2017-12,34,2574.41,62.730588
bebidas,2018-01,50,2948.39,44.552200
bebidas,2018-02,31,2355.68,61.933871
bebidas,2018-03,21,1268.52,45.842857
bebidas,2018-04,54,5914.22,92.897037
bebidas,2018-05,47,3264.84,53.318936
bebidas,2018-06,33,2053.40,47.486970
bebidas,2018-07,16,1538.48,78.760625
bebidas,2018-08,27,1825.68,52.713333
beleza_saude,2016-09,3,143.46,44.990000
beleza_saude,2016-10,40,4186.29,85.981250
beleza_saude,2017-01,82,13802.80,150.810244
beleza_saude,2017-02,154,25178.32,143.246234
beleza_saude,2017-03,208,29463.99,123.329087
beleza_saude,2017-04,180,25454.20,123.090778
beleza_saude,2017-05,284,52254.72,163.169225
beleza_saude,2017-06,254,36844.86,124.711850
beleza_saude,2017-07,308,39593.71,111.167045
beleza_saude,2017-08,352,55281.78,139.290426
beleza_saude,2017-09,376,58123.19,134.705213
beleza_saude,2017-10,350,47414.29,116.282829
beleza_saude,2017-11,573,88629.80,136.604538
beleza_saude,2017-12,460,68907.78,131.932065
beleza_saude,2018-01,619,81989.68,115.356381
beleza_saude,2018-02,650,95463.05,130.117769
beleza_saude,2018-03,656,97035.83,128.793552
beleza_saude,2018-04,685,104332.90,132.932044
beleza_saude,2018-05,751,108261.36,125.878003
beleza_saude,2018-06,875,123857.97,121.995109
beleza_saude,2018-07,770,120225.04,134.447039
beleza_saude,2018-08,835,135644.51,142.983246
brinquedos,2016-10,24,4591.53,171.104167
brinquedos,2017-01,41,5291.26,111.419268
brinquedos,2017-02,66,10533.61,141.718788
brinquedos,2017-03,102,14248.29,120.976176
brinquedos,2017-04,113,14983.58,115.393186
brinquedos,2017-05,196,25588.89,113.159439
brinquedos,2017-06,156,18051.30,98.317628
brinquedos,2017-07,203,27553.72,118.013990
brinquedos,2017-08,182,20797.73,97.117418
brinquedos,2017-09,289,35017.41,102.445779
brinquedos,2017-10,283,38266.61,117.754134
brinquedos,2017-11,485,71922.79,129.095381
brinquedos,2017-12,436,63462.54,126.294862
brinquedos,2018-01,161,24211.17,132.812733
brinquedos,2018-02,139,16384.85,102.182374
brinquedos,2018-03,225,26980.27,101.411333
brinquedos,2018-04,202,27310.58,114.556485
brinquedos,2018-05,218,36155.03,144.671606
brinquedos,2018-06,190,25157.51,111.026053
brinquedos,2018-07,154,20360.84,110.532468
brinquedos,2018-08,165,20191.55,102.568182
cama_mesa_banho,2016-10,8,606.58,59.873750
cama_mesa_banho,2017-01,46,4637.60,82.703478
cama_mesa_banho,2017-02,157,18462.71,99.185541
cama_mesa_banho,2017-03,279,29856.01,90.035914
cama_mesa_banho,2017-04,271,28700.38,88.903653
cama_mesa_banho,2017-05,361,38920.54,90.539058
cama_mesa_banho,2017-06,369,40132.47,91.607669
cama_mesa_banho,2017-07,569,73336.34,110.346151
cama_mesa_banho,2017-08,506,65628.16,111.819427
cama_mesa_banho,2017-09,528,61723.02,98.684867
cama_mesa_banho,2017-10,542,55209.90,84.885055
cama_mesa_banho,2017-11,961,104963.58,91.527190
cama_mesa_banho,2017-12,546,59378.49,91.723736
cama_mesa_banho,2018-01,836,89658.07,90.201112
cama_mesa_banho,2018-02,685,71610.43,88.125971
cama_mesa_banho,2018-03,777,82243.30,87.241120
cama_mesa_banho,2018-04,736,85565.96,96.983166
cama_mesa_banho,2018-05,740,84642.74,96.304149
cama_mesa_banho,2018-06,764,87074.55,92.744869
cama_mesa_banho,2018-07,617,67850.11,88.177034
cama_mesa_banho,2018-08,655,75008.32,92.963496
casa_conforto,2017-02,3,471.27,138.220000
casa_conforto,2017-03,13,2380.79,163.338462
casa_conforto,2017-04,17,2712.95,141.829412
casa_conforto,2017-05,35,5684.61,146.116286
casa_conforto,2017-06,17,3100.02,165.776471
casa_conforto,2017-07,43,5401.43,106.136047
casa_conforto,2017-08,28,4536.12,142.863929
casa_conforto,2017-09,33,5273.36,139.161818
casa_conforto,2017-10,27,4072.65,134.066667
casa_conforto,2017-11,45,6245.13,119.008667
casa_conforto,2017-12,14,2544.89,161.271429
casa_conforto,2018-01,18,3435.61,167.786667
casa_conforto,2018-02,21,3397.87,143.464762
casa_conforto,2018-03,21,3060.62,120.113333
casa_conforto,2018-04,18,2274.26,107.744444
casa_conforto,2018-05,21,3105.32,128.985714
casa_conforto,2018-06,16,2701.94,149.155625
casa_conforto,2018-07,23,3467.50,126.368696
casa_conforto,2018-08,16,2571.88,140.080000
casa_conforto_2,2017-01,2,95.57,36.400000
casa_conforto_2,2017-03,3,390.89,114.293333
casa_conforto_2,2017-04,1,23.86,12.900000
casa_conforto_2,2017-06,1,28.00,12.900000
casa_conforto_2,2017-07,1,28.00,12.900000
casa_conforto_2,2017-08,3,69.91,12.900000
casa_conforto_2,2017-09,1,29.69,12.900000
casa_conforto_2,2017-10,5,140.00,12.900000
casa_conforto_2,2017-11,3,80.75,12.900000
casa_conforto_2,2018-02,3,84.00,12.900000
casa_conforto_2,2018-03,1,44.33,34.990000
casa_conforto_2,2018-04,1,18.76,12.900000
casa_conforto_2,2018-06,2,51.38,12.900000
casa_conforto_2,2018-07,3,85.44,12.900000
casa_construcao,2017-02,4,764.57,173.900000
casa_construcao,2017-03,10,718.69,59.196000
casa_construcao,2017-04,5,1696.94,320.538000
casa_construcao,2017-05,7,1731.60,231.500000
casa_construcao,2017-06,8,2141.18,249.037500
casa_construcao,2017-07,2,123.80,46.800000
casa_construcao,2017-08,1,141.43,124.800000
casa_construcao,2017-09,11,1759.36,123.437273
casa_construcao,2017-10,18,4752.21,233.398333
casa_construcao,2017-11,38,5726.54,129.913684
casa_construcao,2017-12,38,7768.25,171.718421
casa_construcao,2018-01,40,6626.98,143.694500
casa_construcao,2018-02,38,5969.44,137.523684
casa_construcao,2018-03,43,6322.64,122.104884
casa_construcao,2018-04,75,10649.36,122.728667
casa_construcao,2018-05,79,11456.03,128.547848
casa_construcao,2018-06,71,10936.73,128.092817
casa_construcao,2018-07,60,8199.61,111.670833
casa_construcao,2018-08,48,7537.01,130.961667
cds_dvds_musicais,2017-07,5,299.38,45.000000
cds_dvds_musicais,2017-08,3,177.16,45.000000
cds_dvds_musicais,2017-10,1,61.11,45.000000
cds_dvds_musicais,2017-11,3,224.82,65.000000
cds_dvds_musicais,2017-12,1,74.94,65.000000
cds_dvds_musicais,2018-04,1,117.58,65.000000
cine_foto,2017-02,1,95.24,59.000000
cine_foto,2017-04,2,166.31,59.000000
cine_foto,2017-05,1,91.71,59.000000
cine_foto,2017-06,1,112.91,79.000000
cine_foto,2017-09,1,102.84,69.000000
cine_foto,2017-10,1,107.00,69.000000
cine_foto,2017-11,1,259.94,242.000000
cine_foto,2018-01,2,223.78,99.990000
cine_foto,2018-02,2,272.12,113.995000
cine_foto,2018-03,7,846.54,101.684286
cine_foto,2018-04,5,621.13,104.348000
cine_foto,2018-05,17,2381.28,124.017059
cine_foto,2018-06,13,609.36,33.526923
cine_foto,2018-07,7,1291.61,168.362857
cine_foto,2018-08,9,720.41,66.143333
climatizacao,2016-10,8,1503.61,168.661250
climatizacao,2017-01,4,738.36,165.925000
climatizacao,2017-02,11,2688.34,218.663636
climatizacao,2017-03,17,4390.56,241.400588
climatizacao,2017-04,15,2748.32,166.148667
climatizacao,2017-05,7,1068.45,130.695714
climatizacao,2017-06,11,2288.52,189.498182
climatizacao,2017-07,5,1493.13,279.220000
climatizacao,2017-08,15,4563.49,284.782000
climatizacao,2017-09,7,1782.09,232.735714
climatizacao,2017-10,12,2869.90,213.535000
climatizacao,2017-11,19,4513.56,214.558947
climatizacao,2017-12,3,722.34,222.933333
climatizacao,2018-01,29,5177.52,161.197931
climatizacao,2018-02,12,2892.67,218.907500
climatizacao,2018-03,24,3023.01,104.486667
climatizacao,2018-04,23,3921.12,141.816957
climatizacao,2018-05,14,2231.35,132.235714
climatizacao,2018-06,15,4092.94,237.860000
climatizacao,2018-07,17,3137.45,156.344706
climatizacao,2018-08,21,4007.82,169.376190
consoles_games,2016-10,7,3785.36,517.051429
consoles_games,2017-01,21,4911.73,214.973333
consoles_games,2017-02,18,4637.96,238.598333
consoles_games,2017-03,47,10765.59,209.234894
consoles_games,2017-04,17,4072.80,221.934118
consoles_games,2017-05,29,2947.24,86.455172
consoles_games,2017-06,29,5859.32,183.070000
consoles_games,2017-07,47,6265.21,115.132766
consoles_games,2017-08,84,9548.50,95.889881
consoles_games,2017-09,63,9214.38,129.374127
consoles_games,2017-10,105,12031.01,98.864000
consoles_games,2017-11,128,13872.76,91.970938
consoles_games,2017-12,92,10204.40,96.576196
consoles_games,2018-01,51,8145.05,143.397647
consoles_games,2018-02,51,12786.41,230.663333
consoles_games,2018-03,57,13011.11,207.477544
consoles_games,2018-04,40,6255.49,137.776250
consoles_games,2018-05,52,6269.67,101.524423
consoles_games,2018-06,43,7642.03,160.535116
consoles_games,2018-07,49,9539.14,173.859388
consoles_games,2018-08,59,5332.57,74.259492
construcao_ferramentas_construcao,2017-02,3,393.57,112.263333
construcao_ferramentas_construcao,2017-03,1,53.42,38.900000
construcao_ferramentas_construcao,2017-05,1,149.40,99.990000
construcao_ferramentas_construcao,2017-06,8,475.31,47.046250
construcao_ferramentas_construcao,2017-07,6,822.97,91.573333
construcao_ferramentas_construcao,2017-08,7,1394.33,168.571429
construcao_ferramentas_construcao,2017-09,10,1420.22,124.030000
construcao_ferramentas_construcao,2017-10,19,3024.83,135.588421
construcao_ferramentas_construcao,2017-11,47,8596.29,148.799149
construcao_ferramentas_construcao,2017-12,27,6566.50,215.938889
construcao_ferramentas_construcao,2018-01,48,10753.32,201.337083
construcao_ferramentas_construcao,2018-02,68,10123.64,132.221618
construcao_ferramentas_construcao,2018-03,66,11020.38,143.130000
construcao_ferramentas_construcao,2018-04,90,15120.04,143.709222
construcao_ferramentas_construcao,2018-05,125,23580.34,165.988800
construcao_ferramentas_construcao,2018-06,113,25372.45,203.077168
construcao_ferramentas_construcao,2018-07,115,17589.95,132.499739
construcao_ferramentas_construcao,2018-08,162,25925.05,141.463951
construcao_ferramentas_ferramentas,2017-04,1,748.27,729.000000
construcao_ferramentas_ferramentas,2017-05,2,834.30,401.950000
construcao_ferramentas_ferramentas,2017-09,3,976.08,305.630000
construcao_ferramentas_ferramentas,2017-10,5,1119.96,203.720000
construcao_ferramentas_ferramentas,2017-11,5,349.54,53.900000
construcao_ferramentas_ferramentas,2017-12,6,457.82,58.233333
construcao_ferramentas_ferramentas,2018-01,8,695.13,66.537500
construcao_ferramentas_ferramentas,2018-02,12,1539.82,109.850000
construcao_ferramentas_ferramentas,2018-03,9,1154.77,103.477778
construcao_ferramentas_ferramentas,2018-04,17,1651.92,78.411176
construcao_ferramentas_ferramentas,2018-05,5,506.26,83.580000
construcao_ferramentas_ferramentas,2018-06,4,623.81,131.750000
construcao_ferramentas_ferramentas,2018-07,12,5779.45,458.433333
construcao_ferramentas_ferramentas,2018-08,14,1497.04,89.697857
construcao_ferramentas_iluminacao,2017-07,1,401.45,360.000000
construcao_ferramentas_iluminacao,2017-08,2,670.98,294.500000
construcao_ferramentas_iluminacao,2017-09,1,258.98,229.000000
construcao_ferramentas_iluminacao,2017-10,2,651.10,250.000000
construcao_ferramentas_iluminacao,2017-11,10,2606.99,219.948000
construcao_ferramentas_iluminacao,2017-12,2,206.46,88.000000
construcao_ferramentas_iluminacao,2018-01,7,2554.77,341.855714
construcao_ferramentas_iluminacao,2018-02,17,1967.47,94.752941
construcao_ferramentas_iluminacao,2018-03,13,3138.15,195.130769
construcao_ferramentas_iluminacao,2018-04,47,5827.50,105.588723
construcao_ferramentas_iluminacao,2018-05,38,5104.71,114.600263
construcao_ferramentas_iluminacao,2018-06,44,5538.59,104.168409
construcao_ferramentas_iluminacao,2018-07,55,8631.40,131.811091
construcao_ferramentas_iluminacao,2018-08,62,9888.59,132.460161
construcao_ferramentas_jardim,2017-02,2,624.68,289.990000
construcao_ferramentas_jardim,2017-04,8,1680.57,186.276250
construcao_ferramentas_jardim,2017-05,7,1633.33,206.762857
construcao_ferramentas_jardim,2017-06,4,500.40,108.672500
construcao_ferramentas_jardim,2017-07,8,473.37,43.447500
construcao_ferramentas_jardim,2017-08,10,1483.00,128.619000
construcao_ferramentas_jardim,2017-09,5,338.97,50.320000
construcao_ferramentas_jardim,2017-10,9,888.16,82.988889
construcao_ferramentas_jardim,2017-11,17,1578.65,71.676471
construcao_ferramentas_jardim,2017-12,6,1097.75,154.816667
construcao_ferramentas_jardim,2018-01,24,4505.74,163.665833
construcao_ferramentas_jardim,2018-02,20,1880.10,76.912500
construcao_ferramentas_jardim,2018-03,22,2535.92,94.874091
construcao_ferramentas_jardim,2018-04,18,1777.27,73.710556
construcao_ferramentas_jardim,2018-05,16,1403.85,67.080000
construcao_ferramentas_jardim,2018-06,11,1067.60,72.676364
construcao_ferramentas_jardim,2018-07,22,2520.09,87.393636
construcao_ferramentas_jardim,2018-08,23,4294.49,160.380870
construcao_ferramentas_seguranca,2017-02,1,396.86,379.000000
construcao_ferramentas_seguranca,2017-08,1,24.69,8.900000
construcao_ferramentas_seguranca,2017-09,5,1202.29,224.908000
construcao_ferramentas_seguranca,2017-10,12,1918.55,139.070833
construcao_ferramentas_seguranca,2017-11,14,3507.71,234.335000
construcao_ferramentas_seguranca,2017-12,7,1525.46,197.845714
construcao_ferramentas_seguranca,2018-01,11,2424.76,202.626364
construcao_ferramentas_seguranca,2018-02,8,6152.31,745.718750
construcao_ferramentas_seguranca,2018-03,22,5789.78,244.312273
construcao_ferramentas_seguranca,2018-04,24,3427.97,120.302500
construcao_ferramentas_seguranca,2018-05,22,6531.18,274.773182
construcao_ferramentas_seguranca,2018-06,16,2972.88,160.335625
construcao_ferramentas_seguranca,2018-07,15,2142.90,125.930000
construcao_ferramentas_seguranca,2018-08,25,4486.68,158.808800
cool_stuff,2016-10,7,1236.88,149.442857
cool_stuff,2017-01,37,7603.02,185.320811
cool_stuff,2017-02,69,13946.98,180.501449
cool_stuff,2017-03,118,22797.12,174.435000
cool_stuff,2017-04,114,23358.58,183.354298
cool_stuff,2017-05,241,37204.01,134.778423
cool_stuff,2017-06,199,42539.56,191.505578
cool_stuff,2017-07,228,41429.43,160.760789
cool_stuff,2017-08,256,43552.61,149.470742
cool_stuff,2017-09,203,42359.55,184.962906
cool_stuff,2017-10,254,50525.41,174.599331
cool_stuff,2017-11,297,62263.06,187.530842
cool_stuff,2017-12,248,42704.87,151.272460
cool_stuff,2018-01,296,44861.89,131.562196
cool_stuff,2018-02,180,33306.80,165.401389
cool_stuff,2018-03,253,43264.64,149.372490
cool_stuff,2018-04,206,40006.50,170.026262
cool_stuff,2018-05,175,33828.78,171.137829
cool_stuff,2018-06,103,22026.04,187.537573
cool_stuff,2018-07,115,24405.58,183.930522
cool_stuff,2018-08,119,18459.58,132.730168
dvds_blu_ray,2017-01,2,47.80,14.900000
dvds_blu_ray,2017-02,1,35.70,14.900000
dvds_blu_ray,2017-03,4,525.20,113.425000
dvds_blu_ray,2017-04,2,1466.34,717.450000
dvds_blu_ray,2017-05,4,150.60,22.400000
dvds_blu_ray,2017-06,4,199.74,31.672500
dvds_blu_ray,2017-07,3,796.46,244.266667
dvds_blu_ray,2017-08,6,231.83,18.900000
dvds_blu_ray,2017-09,2,91.06,19.900000
dvds_blu_ray,2017-10,4,269.10,43.650000
dvds_blu_ray,2017-11,3,145.67,26.596667
dvds_blu_ray,2017-12,1,135.49,119.900000
dvds_blu_ray,2018-01,2,96.58,24.900000
dvds_blu_ray,2018-02,1,42.53,24.900000
dvds_blu_ray,2018-03,2,89.71,24.900000
dvds_blu_ray,2018-04,5,267.67,18.500000
dvds_blu_ray,2018-05,7,560.16,62.848571
dvds_blu_ray,2018-06,6,505.03,63.813333
dvds_blu_ray,2018-07,1,96.88,83.990000
dvds_blu_ray,2018-08,1,16.29,8.900000
eletrodomesticos,2017-02,7,855.40,105.842857
eletrodomesticos,2017-03,10,466.25,31.330000
eletrodomesticos,2017-04,10,635.57,49.940000
eletrodomesticos,2017-05,28,2371.03,68.313929
eletrodomesticos,2017-06,43,3143.60,58.306744
eletrodomesticos,2017-07,37,4336.18,99.242973
eletrodomesticos,2017-08,42,4744.90,93.365476
eletrodomesticos,2017-09,10,2197.28,182.019000
eletrodomesticos,2017-10,7,2091.71,262.525714
eletrodomesticos,2017-11,25,5069.98,180.637600
eletrodomesticos,2017-12,16,1672.84,83.187500
eletrodomesticos,2018-01,27,2107.29,63.894444
eletrodomesticos,2018-02,48,6362.58,115.467708
eletrodomesticos,2018-03,70,11350.26,141.094143
eletrodomesticos,2018-04,104,17223.20,144.419519
eletrodomesticos,2018-05,64,7380.41,96.088594
eletrodomesticos,2018-06,65,7142.21,89.698154
eletrodomesticos,2018-07,78,6405.16,66.320897
eletrodomesticos,2018-08,63,7745.93,102.283333
eletrodomesticos_2,2017-01,7,2031.70,273.825714
eletrodomesticos_2,2017-02,1,30.11,15.990000
eletrodomesticos_2,2017-03,2,568.43,250.450000
eletrodomesticos_2,2017-04,2,946.97,399.900000
eletrodomesticos_2,2017-05,7,1587.47,186.578571
eletrodomesticos_2,2017-06,6,1435.07,202.311667
eletrodomesticos_2,2017-07,7,1306.88,147.712857
eletrodomesticos_2,2017-08,15,4355.28,245.770000
eletrodomesticos_2,2017-09,6,1928.62,271.300000
eletrodomesticos_2,2017-10,9,2444.64,233.807778
eletrodomesticos_2,2017-11,13,5428.50,373.456154
eletrodomesticos_2,2017-12,8,2272.45,248.770000
eletrodomesticos_2,2018-01,13,9109.57,663.853846
eletrodomesticos_2,2018-02,21,9986.74,428.515714
eletrodomesticos_2,2018-03,12,6085.99,470.683333
eletrodomesticos_2,2018-04,23,21959.04,901.812609
eletrodomesticos_2,2018-05,23,15597.83,627.880000
eletrodomesticos_2,2018-06,19,9112.54,437.511579
eletrodomesticos_2,2018-07,23,13772.17,547.709565
eletrodomesticos_2,2018-08,14,8248.52,538.054286
eletronicos,2016-10,1,119.79,107.990000
eletronicos,2017-01,11,772.43,56.090909
eletronicos,2017-02,19,1555.50,64.150000
eletronicos,2017-03,37,4655.16,107.729730
eletronicos,2017-04,48,5611.49,100.463333
eletronicos,2017-05,65,7288.72,94.601692
eletronicos,2017-06,41,2675.70,50.244878
eletronicos,2017-07,94,8939.90,77.298298
eletronicos,2017-08,56,3765.86,50.966964
eletronicos,2017-09,67,5557.35,64.760597
eletronicos,2017-10,62,4467.93,54.457258
eletronicos,2017-11,182,12885.15,54.906538
eletronicos,2017-12,209,11961.77,40.758900
eletronicos,2018-01,348,21469.04,45.644483
eletronicos,2018-02,331,20071.12,44.606344
eletronicos,2018-03,254,16693.30,48.797283
eletronicos,2018-04,212,14507.56,51.133160
eletronicos,2018-05,231,20110.55,70.029394
eletronicos,2018-06,191,12946.08,50.599843
eletronicos,2018-07,151,11744.09,61.397020
eletronicos,2018-08,119,12924.60,90.248487
eletroportateis,2017-01,6,1788.25,276.798333
eletroportateis,2017-02,28,8022.25,258.985000
eletroportateis,2017-03,31,12028.55,360.356774
eletroportateis,2017-04,20,23918.29,1155.749000
eletroportateis,2017-05,18,5727.35,291.191111
eletroportateis,2017-06,23,10342.28,421.687391
eletroportateis,2017-07,31,4310.00,115.717097
eletroportateis,2017-08,36,4838.18,119.361389
eletroportateis,2017-09,30,10913.08,334.358000
eletroportateis,2017-10,32,7124.64,202.026563
eletroportateis,2017-11,28,7487.98,242.247143
eletroportateis,2017-12,27,8063.07,279.250741
eletroportateis,2018-01,53,15579.25,269.090755
eletroportateis,2018-02,32,5912.74,163.911250
eletroportateis,2018-03,35,14693.11,398.633714
eletroportateis,2018-04,66,13278.35,182.905455
eletroportateis,2018-05,48,11507.33,221.270625
eletroportateis,2018-06,49,16551.07,314.931224
eletroportateis,2018-07,42,9181.61,194.317857
eletroportateis,2018-08,23,6841.09,268.176522
esporte_lazer,2016-10,17,2490.76,118.361765
esporte_lazer,2017-01,74,10754.95,124.488378
esporte_lazer,2017-02,149,18519.89,104.899195
esporte_lazer,2017-03,190,29343.27,134.067842
esporte_lazer,2017-04,203,26977.69,113.286010
esporte_lazer,2017-05,305,39947.95,111.808951
esporte_lazer,2017-06,269,38027.74,119.207918
esporte_lazer,2017-07,375,43896.84,97.650213
esporte_lazer,2017-08,417,48309.09,97.421511
esporte_lazer,2017-09,453,57463.77,108.106203
esporte_lazer,2017-10,462,56797.18,105.127662
esporte_lazer,2017-11,597,73149.22,105.002077
esporte_lazer,2017-12,484,68184.69,121.327438
esporte_lazer,2018-01,642,99078.58,134.225592
esporte_lazer,2018-02,637,86346.83,117.018760
esporte_lazer,2018-03,732,95994.77,111.553224
esporte_lazer,2018-04,586,76860.92,112.275631
esporte_lazer,2018-05,489,68331.36,121.083681
esporte_lazer,2018-06,419,53768.47,107.198115
esporte_lazer,2018-07,460,64342.49,117.425848
esporte_lazer,2018-08,471,59670.45,107.983397
fashion_bolsas_e_acessorios,2016-10,8,502.98,46.662500
fashion_bolsas_e_acessorios,2016-12,1,19.62,10.900000
fashion_bolsas_e_acessorios,2017-01,35,2136.61,47.770571
fashion_bolsas_e_acessorios,2017-02,36,2711.65,60.286389
fashion_bolsas_e_acessorios,2017-03,66,5789.49,72.520606
fashion_bolsas_e_acessorios,2017-04,48,3831.78,64.497917
fashion_bolsas_e_acessorios,2017-05,104,8746.19,69.153846
fashion_bolsas_e_acessorios,2017-06,81,7989.40,82.989259
fashion_bolsas_e_acessorios,2017-07,86,6315.45,58.874535
fashion_bolsas_e_acessorios,2017-08,95,7807.01,67.777789
fashion_bolsas_e_acessorios,2017-09,122,13768.13,96.542951
fashion_bolsas_e_acessorios,2017-10,108,9180.81,70.228333
fashion_bolsas_e_acessorios,2017-11,193,15507.36,66.576839
fashion_bolsas_e_acessorios,2017-12,134,11990.79,74.625075
fashion_bolsas_e_acessorios,2018-01,125,9849.05,63.453760
fashion_bolsas_e_acessorios,2018-02,107,11496.55,91.463832
fashion_bolsas_e_acessorios,2018-03,137,12525.19,73.697153
fashion_bolsas_e_acessorios,2018-04,102,9931.69,80.576961
fashion_bolsas_e_acessorios,2018-05,110,13157.91,104.456091
fashion_bolsas_e_acessorios,2018-06,87,9388.36,90.459195
fashion_bolsas_e_acessorios,2018-07,74,7271.87,82.041486
fashion_bolsas_e_acessorios,2018-08,126,9970.40,64.504206
fashion_calcados,2016-10,1,40.95,29.990000
fashion_calcados,2017-01,1,49.01,34.900000
fashion_calcados,2017-02,3,157.37,35.683333
fashion_calcados,2017-03,14,1746.18,108.214286
fashion_calcados,2017-04,23,1946.37,66.369565
fashion_calcados,2017-05,22,2014.89,75.888182
fashion_calcados,2017-06,19,1635.15,67.335789
fashion_calcados,2017-07,19,1606.71,67.527368
fashion_calcados,2017-08,22,1856.37,67.804091
fashion_calcados,2017-09,13,1349.49,84.592308
fashion_calcados,2017-10,18,2194.58,103.384444
fashion_calcados,2017-11,19,2032.53,89.884211
fashion_calcados,2017-12,13,1305.46,84.538462
fashion_calcados,2018-01,9,822.31,74.077778
fashion_calcados,2018-02,11,1251.52,93.972727
fashion_calcados,2018-03,11,1286.57,95.736364
fashion_calcados,2018-04,11,1717.97,130.790909
fashion_calcados,2018-05,10,1788.57,158.270000
fashion_calcados,2018-06,10,1450.18,123.058000
fashion_calcados,2018-07,5,985.44,164.038000
fashion_calcados,2018-08,3,577.21,157.100000
fashion_esporte,2017-03,1,54.01,39.900000
fashion_esporte,2017-04,4,244.47,47.445000
fashion_esporte,2017-05,3,179.48,41.613333
fashion_esporte,2017-06,5,567.40,94.100000
fashion_esporte,2017-07,1,77.68,69.900000
fashion_esporte,2017-08,2,389.44,132.900000
fashion_esporte,2017-09,5,500.82,76.920000
fashion_esporte,2017-10,1,68.62,59.900000
fashion_esporte,2017-11,1,67.68,59.900000
fashion_esporte,2017-12,1,76.76,59.900000
fashion_esporte,2018-01,2,145.34,59.900000
fashion_esporte,2018-03,1,97.39,89.900000
fashion_esporte,2018-04,1,105.41,89.900000
fashion_esporte,2018-08,1,83.05,69.900000
fashion_roupa_feminina,2016-10,1,69.63,54.900000
fashion_roupa_feminina,2017-01,2,102.81,38.650000
fashion_roupa_feminina,2017-02,3,414.60,121.300000
fashion_roupa_feminina,2017-03,1,30.86,19.900000
fashion_roupa_feminina,2017-04,1,87.74,64.900000
fashion_roupa_feminina,2017-05,4,415.60,91.875000
fashion_roupa_feminina,2017-06,3,199.30,51.600000
fashion_roupa_feminina,2017-07,4,364.40,77.675000
fashion_roupa_feminina,2017-08,4,235.65,47.175000
fashion_roupa_feminina,2017-09,4,430.31,88.925000
fashion_roupa_feminina,2017-11,2,84.17,29.990000
fashion_roupa_feminina,2018-01,3,196.48,53.930000
fashion_roupa_feminina,2018-02,1,45.09,29.990000
fashion_roupa_feminina,2018-03,4,154.52,29.990000
fashion_roupa_feminina,2018-04,5,218.15,34.990000
fashion_roupa_feminina,2018-08,3,169.13,43.323333
fashion_roupa_infanto_juvenil,2017-05,1,124.52,110.000000
fashion_roupa_infanto_juvenil,2017-06,1,118.96,110.000000
fashion_roupa_infanto_juvenil,2017-09,1,107.06,89.990000
fashion_roupa_infanto_juvenil,2017-10,1,54.09,39.990000
fashion_roupa_infanto_juvenil,2018-03,2,96.56,39.990000
fashion_roupa_infanto_juvenil,2018-06,1,97.48,89.990000
fashion_roupa_masculina,2016-10,1,35.86,24.900000
fashion_roupa_masculina,2017-01,1,159.11,126.900000
fashion_roupa_masculina,2017-02,6,644.99,90.991667
fashion_roupa_masculina,2017-03,9,721.36,64.533333
fashion_roupa_masculina,2017-04,5,437.39,73.378000
fashion_roupa_masculina,2017-05,4,676.21,152.225000
fashion_roupa_masculina,2017-06,9,689.82,57.754444
fashion_roupa_masculina,2017-07,9,860.33,79.998889
fashion_roupa_masculina,2017-08,14,1400.23,83.932857
fashion_roupa_masculina,2017-09,16,1388.19,73.593750
fashion_roupa_masculina,2017-10,10,1117.23,97.190000
fashion_roupa_masculina,2017-11,11,1041.68,80.090000
fashion_roupa_masculina,2017-12,4,532.14,112.722500
fashion_roupa_masculina,2018-01,6,662.17,91.766667
fashion_roupa_masculina,2018-02,3,446.86,129.363333
fashion_roupa_masculina,2018-04,1,234.42,195.000000
fashion_roupa_masculina,2018-05,1,149.87,129.990000
fashion_roupa_masculina,2018-06,7,554.43,63.971429
fashion_roupa_masculina,2018-07,5,295.68,41.740000
fashion_roupa_masculina,2018-08,3,466.98,127.230000
fashion_underwear_e_moda_praia,2017-01,2,171.15,68.625000
fashion_underwear_e_moda_praia,2017-02,8,507.83,49.621250
fashion_underwear_e_moda_praia,2017-03,6,460.62,65.690000
fashion_underwear_e_moda_praia,2017-04,3,132.97,30.963333
fashion_underwear_e_moda_praia,2017-05,7,369.26,40.500000
fashion_underwear_e_moda_praia,2017-06,1,19.00,3.900000
fashion_underwear_e_moda_praia,2017-07,3,314.48,91.600000
fashion_underwear_e_moda_praia,2017-08,13,1308.87,85.461538
fashion_underwear_e_moda_praia,2017-09,16,1858.18,101.243750
fashion_underwear_e_moda_praia,2017-10,3,222.95,62.600000
fashion_underwear_e_moda_praia,2017-11,10,1391.86,122.160000
fashion_underwear_e_moda_praia,2017-12,13,1359.62,90.238462
fashion_underwear_e_moda_praia,2018-01,8,877.02,94.312500
fashion_underwear_e_moda_praia,2018-02,7,505.29,57.042857
fashion_underwear_e_moda_praia,2018-03,5,368.41,57.880000
fashion_underwear_e_moda_praia,2018-04,6,440.18,59.900000
fashion_underwear_e_moda_praia,2018-05,6,300.46,34.566667
fashion_underwear_e_moda_praia,2018-06,7,236.76,18.471429
fashion_underwear_e_moda_praia,2018-07,2,141.33,54.900000
fashion_underwear_e_moda_praia,2018-08,1,173.78,160.000000
ferramentas_jardim,2016-10,5,1465.19,271.976000
ferramentas_jardim,2017-01,54,8448.34,138.276852
ferramentas_jardim,2017-02,69,13190.93,170.066957
ferramentas_jardim,2017-03,146,26706.99,161.018904
ferramentas_jardim,2017-04,108,20028.39,163.416019
ferramentas_jardim,2017-05,138,23697.00,147.627319
ferramentas_jardim,2017-06,110,18094.79,140.428091
ferramentas_jardim,2017-07,184,22908.88,102.996196
ferramentas_jardim,2017-08,233,27500.55,98.373090
ferramentas_jardim,2017-09,222,26762.14,99.227162
ferramentas_jardim,2017-10,280,32303.84,92.138393
ferramentas_jardim,2017-11,547,56437.34,80.941828
ferramentas_jardim,2017-12,323,34143.13,82.958793
ferramentas_jardim,2018-01,236,32474.10,113.529915
ferramentas_jardim,2018-02,293,33260.06,90.406587
ferramentas_jardim,2018-03,253,33069.14,105.825613
ferramentas_jardim,2018-04,282,39964.88,122.432766
ferramentas_jardim,2018-05,288,42903.48,130.905521
ferramentas_jardim,2018-06,184,23031.20,97.547391
ferramentas_jardim,2018-07,177,30517.22,144.858079
ferramentas_jardim,2018-08,136,20238.09,119.961029
flores,2017-11,6,269.29,31.300000
flores,2017-12,2,112.98,41.350000
flores,2018-01,10,438.26,28.460000
flores,2018-02,4,187.70,33.620000
flores,2018-03,3,136.41,29.890000
flores,2018-04,3,194.49,52.800000
flores,2018-05,1,35.72,16.400000
flores,2018-06,2,140.70,54.000000
flores,2018-07,2,83.36,23.995000
fraldas_higiene,2016-10,1,150.99,134.900000
fraldas_higiene,2017-12,2,99.70,38.000000
fraldas_higiene,2018-01,5,188.45,25.000000
fraldas_higiene,2018-02,4,150.76,25.000000
fraldas_higiene,2018-03,5,193.55,25.000000
fraldas_higiene,2018-04,4,200.57,37.250000
fraldas_higiene,2018-05,3,159.65,39.000000
fraldas_higiene,2018-06,7,427.70,45.857143
fraldas_higiene,2018-07,3,197.89,40.333333
fraldas_higiene,2018-08,3,276.93,77.296667
industria_comercio_e_negocios,2016-10,4,433.56,89.900000
industria_comercio_e_negocios,2017-02,1,134.94,119.000000
industria_comercio_e_negocios,2017-03,2,282.03,119.000000
industria_comercio_e_negocios,2017-05,2,552.22,259.900000
industria_comercio_e_negocios,2017-06,2,342.17,138.485000
industria_comercio_e_negocios,2017-07,2,352.25,122.980000
industria_comercio_e_negocios,2017-08,3,1043.95,318.966667
industria_comercio_e_negocios,2017-09,2,251.71,109.990000
industria_comercio_e_negocios,2017-10,5,2468.18,451.338000
industria_comercio_e_negocios,2017-11,6,2245.28,332.478333
industria_comercio_e_negocios,2017-12,9,2009.86,203.166667
industria_comercio_e_negocios,2018-01,18,3223.83,148.950000
industria_comercio_e_negocios,2018-02,37,5521.50,127.988919
industria_comercio_e_negocios,2018-03,29,3607.83,100.774138
industria_comercio_e_negocios,2018-04,53,6882.22,107.370000
industria_comercio_e_negocios,2018-05,40,4855.94,94.524750
industria_comercio_e_negocios,2018-06,26,3533.92,100.380769
industria_comercio_e_negocios,2018-07,14,5593.90,335.515000
industria_comercio_e_negocios,2018-08,10,2744.05,236.469000
informatica_acessorios,2016-10,12,861.84,55.751667
informatica_acessorios,2017-01,31,4377.60,126.585161
informatica_acessorios,2017-02,100,13014.71,113.190900
informatica_acessorios,2017-03,171,31286.73,164.203509
informatica_acessorios,2017-04,132,20764.87,139.041364
informatica_acessorios,2017-05,309,50303.12,144.852395
informatica_acessorios,2017-06,254,40687.60,142.494882
informatica_acessorios,2017-07,320,43948.83,119.300688
informatica_acessorios,2017-08,341,39548.23,99.197859
informatica_acessorios,2017-09,247,32972.21,113.524899
informatica_acessorios,2017-10,309,48090.44,135.952686
informatica_acessorios,2017-11,512,79910.93,136.086563
informatica_acessorios,2017-12,284,42967.29,131.791092
informatica_acessorios,2018-01,688,93086.53,117.011439
informatica_acessorios,2018-02,971,117216.65,103.122544
informatica_acessorios,2018-03,750,99444.68,112.944520
informatica_acessorios,2018-04,526,67269.65,109.070152
informatica_acessorios,2018-05,453,59048.69,111.770044
informatica_acessorios,2018-06,401,50533.12,104.255287
informatica_acessorios,2018-07,418,49503.19,98.237584
informatica_acessorios,2018-08,415,47886.86,96.512386
instrumentos_musicais,2017-01,1,357.74,339.740000
instrumentos_musicais,2017-02,9,2465.25,246.808889
instrumentos_musicais,2017-03,10,1887.51,166.733000
instrumentos_musicais,2017-04,16,4114.27,238.651875
instrumentos_musicais,2017-05,20,10102.98,481.972000
instrumentos_musicais,2017-06,20,5515.32,249.652500
instrumentos_musicais,2017-07,30,8030.27,242.753000
instrumentos_musicais,2017-08,23,7703.20,308.241304
instrumentos_musicais,2017-09,26,9149.88,327.207692
instrumentos_musicais,2017-10,19,6765.82,333.118947
instrumentos_musicais,2017-11,42,17060.47,375.640238
instrumentos_musicais,2017-12,42,11689.59,257.702381
instrumentos_musicais,2018-01,51,16425.73,297.619216
instrumentos_musicais,2018-02,44,10064.38,204.902955
instrumentos_musicais,2018-03,53,10155.62,168.516981
instrumentos_musicais,2018-04,60,21176.37,322.921833
instrumentos_musicais,2018-05,61,20537.04,307.492951
instrumentos_musicais,2018-06,47,17970.76,344.211064
instrumentos_musicais,2018-07,36,9309.47,218.664722
instrumentos_musicais,2018-08,41,11705.45,256.569268
la_cuisine,2017-04,1,34.81,24.000000
la_cuisine,2017-05,1,232.19,193.000000
la_cuisine,2017-07,4,559.23,117.497500
la_cuisine,2017-08,2,373.52,156.500000
la_cuisine,2017-10,1,160.83,137.000000
la_cuisine,2017-11,1,137.11,137.000000
la_cuisine,2018-01,1,130.03,112.000000
la_cuisine,2018-03,1,426.70,389.000000
la_cuisine,2018-04,2,334.12,140.000000
livros_importados,2017-04,1,33.43,19.990000
livros_importados,2017-06,2,129.20,49.500000
livros_importados,2017-08,1,70.34,61.000000
livros_importados,2017-09,4,327.56,72.500000
livros_importados,2017-11,3,281.21,82.333333
livros_importados,2017-12,3,271.06,77.000000
livros_importados,2018-01,6,648.67,97.166667
livros_importados,2018-02,3,351.54,108.333333
livros_importados,2018-03,3,284.69,86.333333
livros_importados,2018-04,4,352.37,79.497500
livros_importados,2018-05,10,525.71,41.092000
livros_importados,2018-06,9,606.16,52.018889
livros_importados,2018-07,7,464.04,51.112857
livros_importados,2018-08,1,804.96,749.000000
livros_interesse_geral,2017-01,2,271.55,117.445000
livros_interesse_geral,2017-02,8,950.02,96.588750
livros_interesse_geral,2017-03,24,2951.30,105.581667
livros_interesse_geral,2017-04,12,1142.79,76.948333
livros_interesse_geral,2017-05,20,2199.17,92.078500
livros_interesse_geral,2017-06,20,2305.34,96.109000
livros_interesse_geral,2017-07,13,1545.28,99.415385
livros_interesse_geral,2017-08,27,2680.45,84.259259
livros_interesse_geral,2017-09,14,1149.77,66.588571
livros_interesse_geral,2017-10,11,929.87,66.772727
livros_interesse_geral,2017-11,37,3185.27,71.107297
livros_interesse_geral,2017-12,41,2989.22,57.370732
livros_interesse_geral,2018-01,44,2791.32,49.095455
livros_interesse_geral,2018-02,28,2423.55,67.380357
livros_interesse_geral,2018-03,38,2251.61,44.524737
livros_interesse_geral,2018-04,49,7169.92,128.051224
livros_interesse_geral,2018-05,50,6793.86,118.502600
livros_interesse_geral,2018-06,38,3879.10,86.197105
livros_interesse_geral,2018-07,25,4496.16,163.098000
livros_interesse_geral,2018-08,36,2076.99,43.466111
livros_tecnicos,2017-02,1,182.40,159.000000
livros_tecnicos,2017-03,2,103.74,37.500000
livros_tecnicos,2017-04,1,86.92,75.000000
livros_tecnicos,2017-05,3,316.46,87.333333
livros_tecnicos,2017-06,2,188.53,72.950000
livros_tecnicos,2017-07,2,580.88,264.000000
livros_tecnicos,2017-08,9,1324.98,132.931111
livros_tecnicos,2017-09,8,1136.91,125.168750
livros_tecnicos,2017-10,6,988.25,146.666667
livros_tecnicos,2017-11,6,863.82,128.150000
livros_tecnicos,2017-12,4,735.96,167.672500
livros_tecnicos,2018-01,17,1418.83,69.208824
livros_tecnicos,2018-02,26,1767.71,54.277308
livros_tecnicos,2018-03,17,1232.47,53.733529
livros_tecnicos,2018-04,23,1576.46,50.960870
livros_tecnicos,2018-05,55,3889.59,55.282364
livros_tecnicos,2018-06,26,2184.59,67.208846
livros_tecnicos,2018-07,26,2461.19,76.728077
livros_tecnicos,2018-08,29,1861.38,51.165172
malas_acessorios,2017-01,5,565.38,98.500000
malas_acessorios,2017-02,20,2086.65,82.959500
malas_acessorios,2017-03,38,7378.39,155.895000
malas_acessorios,2017-04,48,8568.81,147.714583
malas_acessorios,2017-05,70,14860.09,179.137429
malas_acessorios,2017-06,60,10169.35,135.703167
malas_acessorios,2017-07,73,10243.00,113.859041
malas_acessorios,2017-08,62,8185.80,105.372581
malas_acessorios,2017-09,42,4859.69,92.509048
malas_acessorios,2017-10,56,7717.36,111.434643
malas_acessorios,2017-11,70,10472.44,118.587857
malas_acessorios,2017-12,46,7112.48,129.765435
malas_acessorios,2018-01,126,21815.93,147.193016
malas_acessorios,2018-02,45,7576.11,142.745556
malas_acessorios,2018-03,56,7333.41,104.495893
malas_acessorios,2018-04,57,10272.07,152.289123
malas_acessorios,2018-05,49,8245.49,135.070612
malas_acessorios,2018-06,36,6138.72,140.857778
malas_acessorios,2018-07,54,7193.09,107.809630
malas_acessorios,2018-08,64,7983.86,103.121094
market_place,2016-10,11,1141.95,83.208182
market_place,2017-01,5,504.36,82.828000
market_place,2017-02,20,1942.45,78.711000
market_place,2017-03,17,2075.96,106.387647
market_place,2017-04,19,4479.02,212.909474
market_place,2017-05,22,2859.28,112.590000
market_place,2017-06,16,1491.86,78.684375
market_place,2017-07,13,1799.95,121.029231
market_place,2017-08,23,2360.93,84.234348
market_place,2017-09,11,1349.62,104.291818
market_place,2017-10,11,1178.12,92.685455
market_place,2017-11,16,1682.61,84.748750
market_place,2017-12,14,884.26,50.232143
market_place,2018-01,14,1046.76,58.480000
market_place,2018-02,28,2366.34,68.604286
market_place,2018-03,17,1855.19,91.102353
market_place,2018-04,15,844.83,41.815333
market_place,2018-05,14,1186.79,68.389286
market_place,2018-06,7,678.79,79.494286
market_place,2018-07,4,277.34,46.695000
market_place,2018-08,8,1107.97,118.658750
moveis_colchao_e_estofado,2017-04,1,130.80,109.400000
moveis_colchao_e_estofado,2017-05,3,731.88,198.630000
moveis_colchao_e_estofado,2017-07,1,178.53,109.400000
moveis_colchao_e_estofado,2017-08,2,633.66,254.695000
moveis_colchao_e_estofado,2017-09,1,133.82,86.500000
moveis_colchao_e_estofado,2017-11,2,412.81,167.000000
moveis_colchao_e_estofado,2017-12,8,1088.40,100.462500
moveis_colchao_e_estofado,2018-01,9,1270.40,95.611111
moveis_colchao_e_estofado,2018-02,5,597.69,68.940000
moveis_colchao_e_estofado,2018-03,4,584.93,110.000000
moveis_colchao_e_estofado,2018-07,1,141.83,129.900000
moveis_cozinha_area_de_servico_jantar_e_jardim,2017-01,1,128.20,110.000000
moveis_cozinha_area_de_servico_jantar_e_jardim,2017-02,2,178.33,69.950000
moveis_cozinha_area_de_servico_jantar_e_jardim,2017-03,3,169.05,37.993333
moveis_cozinha_area_de_servico_jantar_e_jardim,2017-04,9,1282.10,114.822222
moveis_cozinha_area_de_servico_jantar_e_jardim,2017-05,9,1637.21,144.942222
moveis_cozinha_area_de_servico_jantar_e_jardim,2017-06,4,542.59,93.700000
moveis_cozinha_area_de_servico_jantar_e_jardim,2017-07,11,1657.56,119.681818
moveis_cozinha_area_de_servico_jantar_e_jardim,2017-08,7,1231.29,143.742857
moveis_cozinha_area_de_servico_jantar_e_jardim,2017-09,4,527.88,102.400000
moveis_cozinha_area_de_servico_jantar_e_jardim,2017-10,16,4295.41,214.287500
moveis_cozinha_area_de_servico_jantar_e_jardim,2017-11,33,6387.13,151.739091
moveis_cozinha_area_de_servico_jantar_e_jardim,2017-12,20,5265.02,213.865000
moveis_cozinha_area_de_servico_jantar_e_jardim,2018-01,21,5949.22,230.404762
moveis_cozinha_area_de_servico_jantar_e_jardim,2018-02,19,5484.08,243.218947
moveis_cozinha_area_de_servico_jantar_e_jardim,2018-03,12,3602.02,236.888333
moveis_cozinha_area_de_servico_jantar_e_jardim,2018-04,19,4222.14,163.714211
moveis_cozinha_area_de_servico_jantar_e_jardim,2018-05,13,2861.28,177.699231
moveis_cozinha_area_de_servico_jantar_e_jardim,2018-06,29,4535.22,122.014828
moveis_cozinha_area_de_servico_jantar_e_jardim,2018-07,22,4527.68,169.861364
moveis_cozinha_area_de_servico_jantar_e_jardim,2018-08,20,2589.56,100.573500
moveis_decoracao,2016-10,65,6899.35,87.546462
moveis_decoracao,2017-01,177,15863.93,73.653277
moveis_decoracao,2017-02,257,25010.20,77.534669
moveis_decoracao,2017-03,315,27790.38,70.264984
moveis_decoracao,2017-04,191,23265.61,100.582356
moveis_decoracao,2017-05,271,28077.96,82.334096
moveis_decoracao,2017-06,230,21573.50,72.236043
moveis_decoracao,2017-07,314,29766.78,76.522675
moveis_decoracao,2017-08,426,41805.88,78.863592
moveis_decoracao,2017-09,343,37871.81,89.081399
moveis_decoracao,2017-10,375,37464.13,80.025973
moveis_decoracao,2017-11,767,76687.92,80.953416
moveis_decoracao,2017-12,378,38228.09,82.203942
moveis_decoracao,2018-01,595,65574.57,90.418168
moveis_decoracao,2018-02,422,46059.76,90.052986
moveis_decoracao,2018-03,583,64616.04,88.027393
moveis_decoracao,2018-04,586,67700.91,95.934505
moveis_decoracao,2018-05,597,65041.44,89.960553
moveis_decoracao,2018-06,402,52315.87,104.582637
moveis_decoracao,2018-07,436,56992.74,104.113739
moveis_decoracao,2018-08,430,51723.05,95.740814
moveis_escritorio,2016-10,6,1587.55,216.813333
moveis_escritorio,2017-01,8,1341.78,144.793750
moveis_escritorio,2017-02,62,12857.49,174.935161
moveis_escritorio,2017-03,74,13152.68,145.862838
moveis_escritorio,2017-04,58,11164.03,162.263793
moveis_escritorio,2017-05,56,10019.71,150.061250
moveis_escritorio,2017-06,50,9095.80,145.582600
moveis_escritorio,2017-07,115,21267.13,146.892261
moveis_escritorio,2017-08,58,12389.04,170.299310
moveis_escritorio,2017-09,60,11401.99,151.977833
moveis_escritorio,2017-10,102,21926.23,175.400294
moveis_escritorio,2017-11,101,22687.87,177.417822
moveis_escritorio,2017-12,48,8415.70,139.257708
moveis_escritorio,2018-01,142,24919.94,137.221268
moveis_escritorio,2018-02,107,21419.84,161.569065
moveis_escritorio,2018-03,200,39166.09,154.308200
moveis_escritorio,2018-04,131,26236.86,152.654962
moveis_escritorio,2018-05,104,25130.31,200.344904
moveis_escritorio,2018-06,76,15911.92,159.547105
moveis_escritorio,2018-07,80,16732.73,165.316000
moveis_escritorio,2018-08,30,8386.67,225.295667
moveis_quarto,2017-01,8,148.76,9.150000
moveis_quarto,2017-02,1,501.88,450.000000
moveis_quarto,2017-04,3,831.36,209.660000
moveis_quarto,2017-05,9,2658.95,263.330000
moveis_quarto,2017-06,2,351.68,154.495000
moveis_quarto,2017-07,4,1368.65,269.497500
moveis_quarto,2017-08,3,702.36,206.000000
moveis_quarto,2017-09,4,923.98,177.400000
moveis_quarto,2017-10,3,1099.36,314.633333
moveis_quarto,2017-11,3,1050.46,291.000000
moveis_quarto,2017-12,1,230.75,185.000000
moveis_quarto,2018-01,5,1065.04,182.960000
moveis_quarto,2018-02,7,1150.25,127.971429
moveis_quarto,2018-03,6,1265.69,178.633333
moveis_quarto,2018-04,7,1612.67,185.985714
moveis_quarto,2018-05,6,1816.91,247.496667
moveis_quarto,2018-06,9,1941.82,173.332222
moveis_quarto,2018-07,10,1838.77,138.690000
moveis_quarto,2018-08,12,2819.88,183.083333
moveis_sala,2017-01,10,1519.22,124.190000
moveis_sala,2017-02,21,4372.74,162.363810
moveis_sala,2017-03,24,4035.67,138.500000
moveis_sala,2017-04,12,2526.11,172.778333
moveis_sala,2017-05,32,5715.65,139.982813
moveis_sala,2017-06,15,2242.91,114.220000
moveis_sala,2017-07,30,4738.73,127.537333
moveis_sala,2017-08,23,3158.06,107.742174
moveis_sala,2017-09,11,1562.83,115.988182
moveis_sala,2017-10,19,2008.98,80.673158
moveis_sala,2017-11,39,7657.90,159.306410
moveis_sala,2017-12,20,2940.88,115.800500
moveis_sala,2018-01,22,2861.95,104.913636
moveis_sala,2018-02,26,5962.08,169.337692
moveis_sala,2018-03,19,4279.80,185.361579
moveis_sala,2018-04,33,6101.34,152.782727
moveis_sala,2018-05,16,3390.10,170.067500
moveis_sala,2018-06,29,4529.65,122.124828
moveis_sala,2018-07,54,8750.18,124.197037
moveis_sala,2018-08,40,6690.29,130.583500
musica,2017-01,2,37.24,9.900000
musica,2017-03,1,42.51,27.990000
musica,2017-04,2,88.84,29.900000
musica,2017-06,4,1141.12,266.725000
musica,2017-07,1,350.54,329.000000
musica,2017-10,1,70.03,54.900000
musica,2018-01,1,40.07,24.970000
musica,2018-02,2,277.24,122.485000
musica,2018-03,2,362.36,161.985000
musica,2018-04,5,1842.06,339.372000
musica,2018-05,5,827.40,145.800000
musica,2018-06,3,169.56,36.360000
musica,2018-07,3,893.28,283.100000
musica,2018-08,6,582.61,82.968333
papelaria,2017-01,14,1754.61,111.570714
papelaria,2017-02,19,2646.03,123.231579
papelaria,2017-03,56,6994.89,105.403929
papelaria,2017-04,35,5119.99,130.041143
papelaria,2017-05,64,6664.06,87.502813
papelaria,2017-06,38,4176.05,91.936053
papelaria,2017-07,77,8215.31,89.699351
papelaria,2017-08,80,7885.50,79.586375
papelaria,2017-09,75,7202.08,78.020267
papelaria,2017-10,96,9530.39,80.178854
papelaria,2017-11,163,19804.85,100.651472
papelaria,2017-12,248,29428.15,99.972177
papelaria,2018-01,385,46323.52,102.656416
papelaria,2018-02,145,12442.23,69.589862
papelaria,2018-03,163,15868.44,79.716196
papelaria,2018-04,152,13820.04,74.101645
papelaria,2018-05,130,15372.31,99.410692
papelaria,2018-06,167,16026.05,77.000479
papelaria,2018-07,190,21451.43,90.616789
papelaria,2018-08,169,18849.12,91.394379
pc_gamer,2017-04,2,289.73,129.990000
pc_gamer,2017-05,1,138.15,129.990000
pc_gamer,2017-06,1,156.18,129.990000
pc_gamer,2018-02,1,150.03,129.990000
pc_gamer,2018-07,2,457.38,219.000000
pc_gamer,2018-08,1,238.63,219.000000
pcs,2017-01,1,2217.99,2199.990000
pcs,2017-02,1,3602.47,3549.000000
pcs,2017-08,28,33497.41,1157.142857
pcs,2017-09,40,52948.15,1280.722250
pcs,2017-10,27,41683.94,1496.071111
pcs,2017-11,7,10060.40,1395.428571
pcs,2017-12,23,17916.27,727.869565
pcs,2018-01,11,7646.57,622.818182
pcs,2018-04,15,14571.61,918.328000
pcs,2018-05,13,9161.35,669.224615
pcs,2018-06,13,13867.87,1009.769231
pcs,2018-07,8,11947.48,1404.875000
pcs,2018-08,12,9228.25,725.958333
perfumaria,2016-10,29,5315.20,166.520690
perfumaria,2017-01,34,5654.01,150.370588
perfumaria,2017-02,49,8825.04,164.089388
perfumaria,2017-03,105,21383.40,186.744190
perfumaria,2017-04,101,21124.96,192.440693
perfumaria,2017-05,143,22237.26,139.734685
perfumaria,2017-06,148,26352.57,161.853514
perfumaria,2017-07,121,14550.84,105.241736
perfumaria,2017-08,127,14981.47,103.032283
perfumaria,2017-09,153,16265.38,91.838562
perfumaria,2017-10,187,20032.37,90.255722
perfumaria,2017-11,304,36403.98,103.987270
perfumaria,2017-12,233,30076.96,113.514764
perfumaria,2018-01,223,22817.13,87.692242
perfumaria,2018-02,211,23267.99,96.549763
perfumaria,2018-03,198,23350.66,101.423636
perfumaria,2018-04,174,20091.32,100.174770
perfumaria,2018-05,197,27616.74,124.277665
perfumaria,2018-06,186,30594.76,144.967366
perfumaria,2018-07,199,23826.62,103.748593
perfumaria,2018-08,218,28402.97,113.943761
pet_shop,2016-10,4,775.86,172.420000
pet_shop,2017-01,14,996.39,57.080000
pet_shop,2017-02,39,4315.07,91.919744
pet_shop,2017-03,44,9008.30,187.274091
pet_shop,2017-04,51,7126.84,121.233137
pet_shop,2017-05,73,9646.52,111.657808
pet_shop,2017-06,63,6308.43,81.326508
pet_shop,2017-07,85,8272.16,77.364353
pet_shop,2017-08,89,12128.78,117.143708
pet_shop,2017-09,71,9875.16,120.210141
pet_shop,2017-10,76,9623.98,108.468158
pet_shop,2017-11,97,13235.57,115.131856
pet_shop,2017-12,72,8611.89,98.982500
pet_shop,2018-01,89,12581.32,121.304045
pet_shop,2018-02,99,11266.80,93.113535
pet_shop,2018-03,122,16067.14,109.837787
pet_shop,2018-04,166,21776.17,110.138373
pet_shop,2018-05,136,14084.07,86.091618
pet_shop,2018-06,178,23421.37,109.504382
pet_shop,2018-07,158,22999.92,122.429430
pet_shop,2018-08,198,28492.46,124.283182
portateis_casa_forno_e_cafe,2017-06,1,88.65,71.900000
portateis_casa_forno_e_cafe,2017-08,1,33.75,21.900000
portateis_casa_forno_e_cafe,2017-09,1,673.47,640.990000
portateis_casa_forno_e_cafe,2018-01,1,385.13,369.990000
portateis_casa_forno_e_cafe,2018-02,5,3213.64,604.980000
portateis_casa_forno_e_cafe,2018-03,7,8220.48,1127.271429
portateis_casa_forno_e_cafe,2018-04,13,13921.62,1016.306923
portateis_casa_forno_e_cafe,2018-05,9,10474.54,1129.066667
portateis_casa_forno_e_cafe,2018-06,3,3672.13,1166.333333
portateis_casa_forno_e_cafe,2018-07,15,5171.36,313.311333
portateis_casa_forno_e_cafe,2018-08,17,3391.13,176.277647
portateis_cozinha_e_preparadores_de_alimentos,2018-05,2,2046.41,979.000000
portateis_cozinha_e_preparadores_de_alimentos,2018-07,8,276.08,21.503750
portateis_cozinha_e_preparadores_de_alimentos,2018-08,4,1905.56,450.900000
relogios_presentes,2016-10,4,2793.71,677.767500
relogios_presentes,2017-01,11,8310.83,735.138182
relogios_presentes,2017-02,33,11524.20,333.102727
relogios_presentes,2017-03,79,26152.34,315.093418
relogios_presentes,2017-04,95,24958.48,245.643053
relogios_presentes,2017-05,129,38924.38,283.871938
relogios_presentes,2017-06,119,29221.71,229.727983
relogios_presentes,2017-07,162,36332.87,208.039630
relogios_presentes,2017-08,211,39578.95,171.426303
relogios_presentes,2017-09,264,48992.89,169.503636
relogios_presentes,2017-10,308,69770.94,210.631916
relogios_presentes,2017-11,463,103135.30,205.814989
relogios_presentes,2017-12,353,74898.08,197.045099
relogios_presentes,2018-01,355,79185.85,207.102085
relogios_presentes,2018-02,324,66599.36,187.423796
relogios_presentes,2018-03,421,104292.26,227.223705
relogios_presentes,2018-04,494,96089.14,179.398927
relogios_presentes,2018-05,625,127977.40,190.983968
relogios_presentes,2018-06,477,93881.09,178.254864
relogios_presentes,2018-07,521,104902.50,182.657946
relogios_presentes,2018-08,411,76810.84,169.749538
seguros_e_servicos,2017-01,1,209.06,183.290000
seguros_e_servicos,2017-09,1,115.45,100.000000
sinalizacao_e_seguranca,2017-03,1,91.23,75.000000
sinalizacao_e_seguranca,2017-04,3,183.65,42.686667
sinalizacao_e_seguranca,2017-05,4,775.94,127.212500
sinalizacao_e_seguranca,2017-06,1,186.95,134.000000
sinalizacao_e_seguranca,2017-07,5,618.78,95.182000
sinalizacao_e_seguranca,2017-08,4,443.47,94.450000
sinalizacao_e_seguranca,2017-09,9,536.55,48.711111
sinalizacao_e_seguranca,2017-10,10,907.70,74.400000
sinalizacao_e_seguranca,2017-11,5,792.79,119.358000
sinalizacao_e_seguranca,2017-12,2,842.44,385.000000
sinalizacao_e_seguranca,2018-01,8,1295.97,131.098750
sinalizacao_e_seguranca,2018-02,15,987.67,47.719333
sinalizacao_e_seguranca,2018-03,9,1079.56,102.433333
sinalizacao_e_seguranca,2018-04,36,2951.28,61.730556
sinalizacao_e_seguranca,2018-05,7,862.99,97.642857
sinalizacao_e_seguranca,2018-06,27,6940.76,217.154815
sinalizacao_e_seguranca,2018-07,29,6136.19,130.523793
sinalizacao_e_seguranca,2018-08,22,2158.67,82.981364
tablets_impressao_imagem,2017-02,8,940.52,99.000000
tablets_impressao_imagem,2017-03,5,587.91,99.000000
tablets_impressao_imagem,2017-04,11,1312.23,101.170909
tablets_impressao_imagem,2017-05,7,1607.02,216.425714
tablets_impressao_imagem,2017-06,6,679.17,99.000000
tablets_impressao_imagem,2017-07,2,219.63,99.000000
tablets_impressao_imagem,2017-08,6,557.82,75.148333
tablets_impressao_imagem,2017-09,3,279.88,77.966667
tablets_impressao_imagem,2017-10,1,111.19,99.000000
tablets_impressao_imagem,2017-11,6,442.39,58.400000
tablets_impressao_imagem,2017-12,6,475.02,69.900000
tablets_impressao_imagem,2018-01,3,186.77,53.933333
tablets_impressao_imagem,2018-02,13,866.49,53.459231
tablets_impressao_imagem,2018-03,3,287.29,86.430000
tablets_impressao_imagem,2018-04,1,70.24,52.000000
tablets_impressao_imagem,2018-05,1,58.19,49.900000
tablets_impressao_imagem,2018-06,1,72.85,50.000000
telefonia,2016-10,8,334.25,28.536250
telefonia,2017-01,22,1128.27,34.360909
telefonia,2017-02,106,8369.64,63.144717
telefonia,2017-03,165,10366.15,47.740121
telefonia,2017-04,142,9369.59,50.239014
telefonia,2017-05,214,12068.53,41.328925
telefonia,2017-06,157,8933.27,41.794459
telefonia,2017-07,143,11177.74,63.306783
telefonia,2017-08,132,12791.05,79.949318
telefonia,2017-09,173,21184.66,105.655318
telefonia,2017-10,244,24617.31,85.488443
telefonia,2017-11,371,31817.78,70.397925
telefonia,2017-12,260,16452.82,49.155538
telefonia,2018-01,368,20255.18,39.945870
telefonia,2018-02,354,18495.86,38.622542
telefonia,2018-03,334,30041.16,74.130030
telefonia,2018-04,279,20415.77,58.466165
telefonia,2018-05,250,23100.96,75.777120
telefonia,2018-06,216,26387.64,104.953056
telefonia,2018-07,221,30467.49,119.876380
telefonia,2018-08,271,41427.50,134.955387
telefonia_fixa,2016-10,5,774.45,140.976000
telefonia_fixa,2017-01,22,969.56,30.778182
telefonia_fixa,2017-02,22,1124.89,34.510455
telefonia_fixa,2017-03,20,1644.25,66.672500
telefonia_fixa,2017-04,6,601.87,84.305000
telefonia_fixa,2017-05,9,577.02,49.536667
telefonia_fixa,2017-06,12,1141.43,77.805833
telefonia_fixa,2017-07,9,348.27,24.303333
telefonia_fixa,2017-08,20,3640.31,167.177000
telefonia_fixa,2017-09,13,13990.19,1053.300769
telefonia_fixa,2017-10,7,3906.03,535.982857
telefonia_fixa,2017-11,5,1036.48,188.796000
telefonia_fixa,2017-12,5,1095.81,199.754000
telefonia_fixa,2018-01,10,2633.55,244.410000
telefonia_fixa,2018-02,11,4918.30,430.789091
telefonia_fixa,2018-03,14,2200.84,137.899286
telefonia_fixa,2018-04,11,2127.68,174.721818
telefonia_fixa,2018-05,16,2113.89,115.387500
telefonia_fixa,2018-06,17,2422.52,122.371765
telefonia_fixa,2018-07,11,9658.18,847.217273
telefonia_fixa,2018-08,10,2891.02,272.417000
unknown_category,2016-10,2,95.92,32.945000
unknown_category,2017-01,12,1798.73,133.636667
unknown_category,2017-02,56,9544.34,152.162679
unknown_category,2017-03,60,7459.32,107.619500
unknown_category,2017-04,69,9906.71,122.437536
unknown_category,2017-05,91,12505.22,118.882857
unknown_category,2017-06,58,5799.13,84.524138
unknown_category,2017-07,58,3842.41,51.170000
unknown_category,2017-08,75,6202.73,66.246000
unknown_category,2017-09,73,7073.87,79.097945
unknown_category,2017-10,68,18066.54,240.018676
unknown_category,2017-11,118,15837.60,116.835169
unknown_category,2017-12,137,17371.04,113.121679
unknown_category,2018-01,193,23921.98,108.775285
unknown_category,2018-02,117,14677.25,108.478376
unknown_category,2018-03,133,19123.48,125.001654
unknown_category,2018-04,74,9325.03,107.944595
unknown_category,2018-05,42,3982.07,73.739048
unknown_category,2018-06,23,2805.70,103.788261
unknown_category,2018-07,47,5665.78,98.127660
unknown_category,2018-08,31,2690.84,70.937097
utilidades_domesticas,2016-10,12,1542.54,107.255833
utilidades_domesticas,2017-01,28,3269.76,100.985000
utilidades_domesticas,2017-02,69,12611.34,163.700580
utilidades_domesticas,2017-03,196,16447.42,65.851837
utilidades_domesticas,2017-04,169,15549.76,73.799882
utilidades_domesticas,2017-05,302,26606.29,70.777815
utilidades_domesticas,2017-06,321,29048.93,71.583209
utilidades_domesticas,2017-07,271,24854.86,74.728893
utilidades_domesticas,2017-08,280,28627.12,83.670857
utilidades_domesticas,2017-09,249,24648.35,80.086586
utilidades_domesticas,2017-10,229,20080.03,69.361048
utilidades_domesticas,2017-11,412,42279.36,82.214612
utilidades_domesticas,2017-12,288,31165.49,87.798472
utilidades_domesticas,2018-01,351,45152.51,106.685869
utilidades_domesticas,2018-02,391,43264.86,89.200691
utilidades_domesticas,2018-03,390,43783.67,89.877231
utilidades_domesticas,2018-04,462,54455.05,96.024437
utilidades_domesticas,2018-05,618,76236.64,101.657880
utilidades_domesticas,2018-06,577,69263.67,96.902270
utilidades_domesticas,2018-07,564,76944.79,110.963298
utilidades_domesticas,2018-08,616,72559.81,95.395065
